<?xml version="1.0" encoding="UTF-8"?>
<folder exportedWithPermissions="true">
    <parent>/organizations/organization_1</parent>
    <name>performance</name>
    <label>Performance</label>
    <description>Performance Components</description>
    <creationDate>2019-10-17T10:43:30.604+05:30</creationDate>
    <updateDate>2019-05-17T03:05:24.417+05:30</updateDate>
    <folder>connections</folder>
    <folder>datasources</folder>
    <folder>reports</folder>
    <folder>schemas</folder>
    <folder>views</folder>
    <folder>xmla</folder>
    <permission>
        <permissionMask>0</permissionMask>
        <recipient recipientType="role">ROLE_USER</recipient>
    </permission>
</folder>
