<?xml version="1.0" encoding="UTF-8"?>
<secureMondrianConnection exportedWithPermissions="true">
    <folder>/organizations/organization_1/performance/connections</folder>
    <name>Profile</name>
    <version>0</version>
    <label>Profile Mondrian Connection</label>
    <description>Profile Performance Connection</description>
    <creationDate>2019-10-17T10:44:03.663+05:30</creationDate>
    <updateDate>2019-05-17T03:05:24.558+05:30</updateDate>
    <schema>
        <uri>/organizations/organization_1/performance/schemas/ProfileSchema</uri>
    </schema>
    <dataSource>
        <uri>/organizations/organization_1/performance/datasources/ProfileDataSourceJNDI</uri>
    </dataSource>
</secureMondrianConnection>
