<?xml version="1.0" encoding="UTF-8"?>
<folder exportedWithPermissions="true">
    <parent>/organizations/org_template/themes</parent>
    <name>default</name>
    <label>default</label>
    <description>default</description>
    <creationDate>2019-10-17T10:43:31.956+05:30</creationDate>
    <updateDate>2019-05-17T03:05:24.908+05:30</updateDate>
    <permission>
        <permissionMask>2</permissionMask>
        <recipient recipientType="role">ROLE_SUPERUSER</recipient>
    </permission>
    <permission>
        <permissionMask>2</permissionMask>
        <recipient recipientType="role">ROLE_ADMINISTRATOR</recipient>
    </permission>
</folder>
