<?xml version="1.0" encoding="UTF-8"?>
<fileResource exportedWithPermissions="true" dataFile="OpenSans-SemiboldItalic-webfont.eot.data">
    <folder>/organizations/organization_1/themes/default/jasper-ui/fonts</folder>
    <name>OpenSans-SemiboldItalic-webfont.eot</name>
    <version>0</version>
    <label>OpenSans-SemiboldItalic-webfont.eot</label>
    <creationDate>2019-10-17T10:44:16.122+05:30</creationDate>
    <updateDate>2019-05-17T03:05:15.401+05:30</updateDate>
    <fileType>font</fileType>
</fileResource>
