<?xml version="1.0" encoding="UTF-8"?>
<fileResource exportedWithPermissions="true" dataFile="OpenSans-SemiboldItalic-webfont.woff2.data">
    <folder>/organizations/organization_1/themes/default/jasper-ui/fonts</folder>
    <name>OpenSans-SemiboldItalic-webfont.woff2</name>
    <version>0</version>
    <label>OpenSans-SemiboldItalic-webfont.woff2</label>
    <creationDate>2019-10-17T10:44:16.362+05:30</creationDate>
    <updateDate>2019-05-17T03:05:15.534+05:30</updateDate>
    <fileType>font</fileType>
</fileResource>
