<?xml version="1.0" encoding="UTF-8"?>
<fileResource exportedWithPermissions="true" dataFile="OpenSans-Semibold-webfont.woff.data">
    <folder>/organizations/organization_1/themes/default/jasper-ui/fonts</folder>
    <name>OpenSans-Semibold-webfont.woff</name>
    <version>0</version>
    <label>OpenSans-Semibold-webfont.woff</label>
    <creationDate>2019-10-17T10:44:16.539+05:30</creationDate>
    <updateDate>2019-05-17T03:05:15.324+05:30</updateDate>
    <fileType>font</fileType>
</fileResource>
