<?xml version="1.0" encoding="UTF-8"?>
<folder exportedWithPermissions="true">
    <parent>/</parent>
    <name>organizations</name>
    <label>Organizations</label>
    <description>Organizations</description>
    <creationDate>2019-10-17T10:43:27.430+05:30</creationDate>
    <updateDate>2019-05-17T03:05:24.825+05:30</updateDate>
    <folder>org_template</folder>
    <folder>organization_1</folder>
    <permission>
        <permissionMask>2</permissionMask>
        <recipient recipientType="role">ROLE_USER</recipient>
    </permission>
    <permission>
        <permissionMask>1</permissionMask>
        <recipient recipientType="role">ROLE_ADMINISTRATOR</recipient>
    </permission>
</folder>
