<?xml version="1.0" encoding="UTF-8"?>
<fileResource exportedWithPermissions="true" dataFile="FoodmartSchema2013.xml.data">
    <folder>/public/Samples/OLAP/Schemas</folder>
    <name>FoodmartSchema2013.xml</name>
    <version>0</version>
    <label>FoodmartSchema</label>
    <description>Foodmart OLAP schema with updated dates</description>
    <creationDate>2019-10-17T10:43:40.337+05:30</creationDate>
    <updateDate>2013-04-11T02:52:02.746+05:30</updateDate>
    <fileType>olapMondrianSchema</fileType>
</fileResource>
