<?xml version="1.0" encoding="UTF-8"?>
<fileResource exportedWithPermissions="true" dataFile="adhoc_datatree_icons_sprite.png.data">
    <folder>/organizations/organization_1/themes/jasper_dark/images</folder>
    <name>adhoc_datatree_icons_sprite.png</name>
    <version>0</version>
    <label>adhoc_datatree_icons_sprite.png</label>
    <creationDate>2019-10-17T10:44:13.249+05:30</creationDate>
    <updateDate>2019-05-17T03:05:20.515+05:30</updateDate>
    <fileType>img</fileType>
</fileResource>
