<?xml version="1.0" encoding="UTF-8"?>
<folder exportedWithPermissions="true">
    <parent>/organizations/organization_1/supermart</parent>
    <name>Common</name>
    <label>Common</label>
    <description>Modifiable by Administrators. Resource bundles for localization, input controls, etc.</description>
    <creationDate>2019-10-17T10:43:32.613+05:30</creationDate>
    <updateDate>2019-05-17T03:05:36.650+05:30</updateDate>
    <resource>productFamily</resource>
    <resource>ProductFamilyList</resource>
    <resource>supermart_de.properties</resource>
    <resource>supermart_en_US.properties</resource>
    <resource>supermart_es.properties</resource>
    <resource>supermart_fr.properties</resource>
    <resource>supermart_ja.properties</resource>
    <resource>supermart_zh_CN.properties</resource>
    <resource>supermart.properties</resource>
</folder>
