<?xml version="1.0" encoding="UTF-8"?>
<inputControl exportedWithPermissions="true">
    <folder>/organizations/organization_1/supermart/Common</folder>
    <name>productFamily</name>
    <version>0</version>
    <label>Product Family</label>
    <description>Uses ProductFamilyList. Maps to productFamily parameter.</description>
    <creationDate>2019-10-17T10:44:02.158+05:30</creationDate>
    <updateDate>2019-05-17T03:05:37.145+05:30</updateDate>
    <type>3</type>
    <mandatory>true</mandatory>
    <readOnly>false</readOnly>
    <visible>true</visible>
    <listOfValues>
        <uri>/organizations/organization_1/supermart/Common/ProductFamilyList</uri>
    </listOfValues>
</inputControl>
