<?xml version="1.0" encoding="UTF-8"?>
<fileResource exportedWithPermissions="true" dataFile="supermart_es.properties.data">
    <folder>/organizations/organization_1/supermart/Common</folder>
    <name>supermart_es.properties</name>
    <version>0</version>
    <label>supermart_es.properties</label>
    <description>Spanish resource bundle</description>
    <creationDate>2019-10-17T10:44:02.312+05:30</creationDate>
    <updateDate>2019-05-17T03:05:37.224+05:30</updateDate>
    <fileType>prop</fileType>
</fileResource>
