<?xml version="1.0" encoding="UTF-8"?>
<fileResource exportedWithPermissions="true" dataFile="supermart.properties.data">
    <folder>/organizations/organization_1/supermart/Common</folder>
    <name>supermart.properties</name>
    <version>0</version>
    <label>supermart.properties</label>
    <description>Base resource bundle</description>
    <creationDate>2019-10-17T10:44:02.197+05:30</creationDate>
    <updateDate>2019-05-17T03:05:37.167+05:30</updateDate>
    <fileType>prop</fileType>
</fileResource>
