<?xml version="1.0" encoding="UTF-8"?>
<fileResource exportedWithPermissions="true" dataFile="supermart_zh_CN.properties.data">
    <folder>/organizations/organization_1/supermart/Common</folder>
    <name>supermart_zh_CN.properties</name>
    <version>0</version>
    <label>supermart_zh_CN.properties</label>
    <description>Chinese resource bundle</description>
    <creationDate>2019-10-17T10:44:02.422+05:30</creationDate>
    <updateDate>2019-05-17T03:05:37.287+05:30</updateDate>
    <fileType>prop</fileType>
</fileResource>
