<?xml version="1.0" encoding="UTF-8"?>
<fileResource exportedWithPermissions="true" dataFile="supermart_en_US.properties.data">
    <folder>/organizations/organization_1/supermart/Common</folder>
    <name>supermart_en_US.properties</name>
    <version>0</version>
    <label>supermart_en_US.properties</label>
    <description>US English resource bundle</description>
    <creationDate>2019-10-17T10:44:02.274+05:30</creationDate>
    <updateDate>2019-05-17T03:05:37.205+05:30</updateDate>
    <fileType>prop</fileType>
</fileResource>
