<?xml version="1.0" encoding="UTF-8"?>
<fileResource exportedWithPermissions="true" dataFile="supermart_ja.properties.data">
    <folder>/organizations/organization_1/supermart/Common</folder>
    <name>supermart_ja.properties</name>
    <version>0</version>
    <label>supermart_ja.properties</label>
    <description>Japanese resource bundle</description>
    <creationDate>2019-10-17T10:44:02.382+05:30</creationDate>
    <updateDate>2019-05-17T03:05:37.263+05:30</updateDate>
    <fileType>prop</fileType>
</fileResource>
