<?xml version="1.0" encoding="UTF-8"?>
<folder exportedWithPermissions="true">
    <parent>/organizations/organization_1/organizations/org_template</parent>
    <name>themes</name>
    <label>Themes</label>
    <description>themes</description>
    <creationDate>2019-10-17T10:43:33.264+05:30</creationDate>
    <updateDate>2019-05-17T03:05:24.898+05:30</updateDate>
    <folder>default</folder>
    <permission>
        <permissionMask>32</permissionMask>
        <recipient recipientType="role">ROLE_USER</recipient>
    </permission>
</folder>
