<?xml version="1.0" encoding="UTF-8"?>
<folder exportedWithPermissions="true">
    <parent>/organizations/organization_1/organizations/org_template</parent>
    <name>temp</name>
    <label>Temp</label>
    <description>Temp</description>
    <creationDate>2019-10-17T10:43:33.195+05:30</creationDate>
    <updateDate>2019-05-17T03:05:24.861+05:30</updateDate>
    <permission>
        <permissionMask>1</permissionMask>
        <recipient recipientType="role">ROLE_USER</recipient>
    </permission>
</folder>
