<?xml version="1.0" encoding="UTF-8"?>
<folder exportedWithPermissions="true">
    <parent>/public/adhoc</parent>
    <name>topics</name>
    <label>Topics</label>
    <description>Topics</description>
    <creationDate>2019-10-17T10:43:30.915+05:30</creationDate>
    <updateDate>2019-05-17T03:05:26.478+05:30</updateDate>
    <resource>JSDiagnosticTopic</resource>
    <permission>
        <permissionMask>30</permissionMask>
        <recipient recipientType="role">ROLE_USER</recipient>
    </permission>
</folder>
