<?xml version="1.0" encoding="UTF-8"?>
<folder exportedWithPermissions="true">
    <parent>/public/monitoring</parent>
    <name>domains</name>
    <label>Monitoring Domains</label>
    <description>Monitoring Domains</description>
    <creationDate>2019-10-17T10:43:31.123+05:30</creationDate>
    <updateDate>2019-05-17T03:05:35.906+05:30</updateDate>
    <resource>ReportMonitoringDomain</resource>
    <permission>
        <permissionMask>0</permissionMask>
        <recipient recipientType="role">ROLE_ADMINISTRATOR</recipient>
    </permission>
    <permission>
        <permissionMask>0</permissionMask>
        <recipient recipientType="role">ROLE_USER</recipient>
    </permission>
</folder>
