<?xml version="1.0" encoding="UTF-8"?>
<fileResource exportedWithPermissions="true" dataFile="adhoc_toolbar_buttons_sprite.png.data">
    <folder>/organizations/organization_1/themes/pods_summer/images</folder>
    <name>adhoc_toolbar_buttons_sprite.png</name>
    <version>0</version>
    <label>adhoc_toolbar_buttons_sprite.png</label>
    <creationDate>2019-10-17T10:44:14.735+05:30</creationDate>
    <updateDate>2019-05-17T03:05:22.453+05:30</updateDate>
    <fileType>img</fileType>
</fileResource>
