<?xml version="1.0" encoding="UTF-8"?>
<fileResource exportedWithPermissions="true" dataFile="disclosure_indicators_sprite.png.data">
    <folder>/organizations/organization_1/themes/pods_summer/images</folder>
    <name>disclosure_indicators_sprite.png</name>
    <version>0</version>
    <label>disclosure_indicators_sprite.png</label>
    <creationDate>2019-10-17T10:44:15.030+05:30</creationDate>
    <updateDate>2019-05-17T03:05:22.780+05:30</updateDate>
    <fileType>img</fileType>
</fileResource>
