<?xml version="1.0" encoding="UTF-8"?>
<jndiJdbcDataSource exportedWithPermissions="true">
    <folder>/organizations/organization_1/performance/datasources</folder>
    <name>ProfileDataSourceJNDI</name>
    <version>0</version>
    <label>Profile Data Source JNDI</label>
    <description>Profile Data Source JNDI</description>
    <creationDate>2019-10-17T10:44:03.648+05:30</creationDate>
    <updateDate>2019-05-17T03:05:24.486+05:30</updateDate>
    <jndiName>jdbc/jasperserver</jndiName>
</jndiJdbcDataSource>
