<?xml version="1.0" encoding="UTF-8"?>
<folder exportedWithPermissions="true">
    <parent>/public/Samples</parent>
    <name>Data_Sources</name>
    <label>Data Sources</label>
    <description>Data Sources</description>
    <creationDate>2019-10-17T10:43:31.345+05:30</creationDate>
    <updateDate>2012-10-15T21:54:17.736+05:30</updateDate>
    <folder>connections</folder>
    <resource>ExmapleVDS</resource>
    <resource>FoodmartDataSource</resource>
    <resource>FoodmartDataSourceJNDI</resource>
    <resource>JServerJNDIDS</resource>
</folder>
