<?xml version="1.0" encoding="UTF-8"?>
<virtualDataSource exportedWithPermissions="true">
    <folder>/public/Samples/Data_Sources</folder>
    <name>ExmapleVDS</name>
    <version>0</version>
    <label>ExampleVDS</label>
    <description></description>
    <creationDate>2019-10-17T10:43:49.391+05:30</creationDate>
    <updateDate>2013-01-03T20:10:18.245+05:30</updateDate>
    <dataSource>
        <alias>FoodmartDataSource</alias>
        <dataSourceReference>
            <uri>/public/Samples/Data_Sources/FoodmartDataSourceJNDI</uri>
        </dataSourceReference>
    </dataSource>
    <dataSource>
        <alias>SugarCRMDataSource</alias>
        <dataSourceReference>
            <uri>/public/Samples/Data_Sources/JServerJNDIDS</uri>
        </dataSourceReference>
    </dataSource>
    <timezone></timezone>
</virtualDataSource>
