<?xml version="1.0" encoding="UTF-8"?>
<mondrianXmlaDefinition exportedWithPermissions="true">
    <folder>/organizations/organization_1/analysis/xmla/definitions</folder>
    <name>FoodmartXmlaDefinition</name>
    <version>0</version>
    <label>Foodmart Mondrian XMLA definition</label>
    <description>Foodmart Mondrian XMLA definition</description>
    <creationDate>2019-10-17T10:44:09.405+05:30</creationDate>
    <updateDate>2019-05-17T03:05:23.864+05:30</updateDate>
    <catalog>Foodmart</catalog>
    <mondrianConnection>
        <uri>/organizations/organization_1/analysis/connections/Foodmart</uri>
    </mondrianConnection>
</mondrianXmlaDefinition>
