<?xml version="1.0" encoding="UTF-8"?>
<mondrianXmlaDefinition exportedWithPermissions="true">
    <folder>/organizations/organization_1/analysis/xmla/definitions</folder>
    <name>SugarCRMXmlaDefinition</name>
    <version>0</version>
    <label>SugarCRM Mondrian XMLA definition</label>
    <description>SugarCRM Mondrian XMLA definition</description>
    <creationDate>2019-10-17T10:44:09.447+05:30</creationDate>
    <updateDate>2019-05-17T03:05:23.884+05:30</updateDate>
    <catalog>SugarCRM</catalog>
    <mondrianConnection>
        <uri>/organizations/organization_1/analysis/connections/SugarCRM</uri>
    </mondrianConnection>
</mondrianXmlaDefinition>
