<?xml version="1.0" encoding="UTF-8"?>
<fileResource exportedWithPermissions="true" dataFile="control_icons_sprite_vertical.png.data">
    <folder>/organizations/organization_1/themes/default/images</folder>
    <name>control_icons_sprite_vertical.png</name>
    <version>0</version>
    <label>control_icons_sprite_vertical.png</label>
    <creationDate>2019-10-17T10:44:10.797+05:30</creationDate>
    <updateDate>2019-05-17T03:05:12.070+05:30</updateDate>
    <fileType>img</fileType>
</fileResource>
