<?xml version="1.0" encoding="UTF-8"?>
<fileResource exportedWithPermissions="true" dataFile="dashboard_toolbar_buttons_sprite.png.data">
    <folder>/organizations/organization_1/themes/default/images</folder>
    <name>dashboard_toolbar_buttons_sprite.png</name>
    <version>0</version>
    <label>dashboard_toolbar_buttons_sprite.png</label>
    <creationDate>2019-10-17T10:44:10.945+05:30</creationDate>
    <updateDate>2019-05-17T03:05:12.228+05:30</updateDate>
    <fileType>img</fileType>
</fileResource>
