<?xml version="1.0" encoding="UTF-8"?>
<fileResource exportedWithPermissions="true" dataFile="tabs_horizontal_buttons_bkgd.png.data">
    <folder>/organizations/organization_1/themes/default/images</folder>
    <name>tabs_horizontal_buttons_bkgd.png</name>
    <version>0</version>
    <label>tabs_horizontal_buttons_bkgd.png</label>
    <creationDate>2019-10-17T10:44:12.968+05:30</creationDate>
    <updateDate>2019-05-17T03:05:14.232+05:30</updateDate>
    <fileType>img</fileType>
</fileResource>
