<?xml version="1.0" encoding="UTF-8"?>
<mondrianXmlaDefinition exportedWithPermissions="true">
    <folder>/organizations/organization_1/performance/xmla/definitions</folder>
    <name>ProfileXmlaDefinition</name>
    <version>0</version>
    <label>Profile XMLA Connection</label>
    <description>Profile XML/A Connection</description>
    <creationDate>2019-10-17T10:44:09.492+05:30</creationDate>
    <updateDate>2019-05-17T03:05:37.813+05:30</updateDate>
    <catalog>Profile</catalog>
    <mondrianConnection>
        <uri>/organizations/organization_1/performance/connections/Profile</uri>
    </mondrianConnection>
</mondrianXmlaDefinition>
