<?xml version="1.0" encoding="UTF-8"?>
<fileResource exportedWithPermissions="true" dataFile="button_action_icons_sprite.png.data">
    <folder>/organizations/organization_1/themes/default/jasper-ui/images</folder>
    <name>button_action_icons_sprite.png</name>
    <version>0</version>
    <label>button_action_icons_sprite.png</label>
    <creationDate>2019-10-17T10:44:16.709+05:30</creationDate>
    <updateDate>2019-05-17T03:05:15.807+05:30</updateDate>
    <fileType>img</fileType>
</fileResource>
