<?xml version="1.0" encoding="UTF-8"?>
<fileResource exportedWithPermissions="true" dataFile="glyph_icons_sprite-responsive.svg.data">
    <folder>/organizations/organization_1/themes/default/jasper-ui/images</folder>
    <name>glyph_icons_sprite-responsive.svg</name>
    <version>0</version>
    <label>glyph_icons_sprite-responsive.svg</label>
    <creationDate>2019-10-17T10:44:16.955+05:30</creationDate>
    <updateDate>2019-05-17T03:05:16.037+05:30</updateDate>
    <fileType>img</fileType>
</fileResource>
