<?xml version="1.0" encoding="UTF-8"?>
<jndiJdbcDataSource exportedWithPermissions="true">
    <folder>/organizations/organization_1/analysis/datasources</folder>
    <name>FoodmartDataSourceJNDI</name>
    <version>0</version>
    <label>Foodmart Data Source JNDI</label>
    <description>Foodmart Data Source JNDI</description>
    <creationDate>2019-10-17T10:43:36.026+05:30</creationDate>
    <updateDate>2019-05-17T03:05:23.579+05:30</updateDate>
    <jndiName>jdbc/foodmart</jndiName>
</jndiJdbcDataSource>
