<?xml version="1.0" encoding="UTF-8"?>
<fileResource exportedWithPermissions="true" dataFile="ui-bg_inset-hard_100_fcfdfd_1x100.png.data">
    <folder>/organizations/organization_1/themes/default/jquery-ui/images</folder>
    <name>ui-bg_inset-hard_100_fcfdfd_1x100.png</name>
    <version>0</version>
    <label>ui-bg_inset-hard_100_fcfdfd_1x100.png</label>
    <creationDate>2019-10-17T10:44:17.994+05:30</creationDate>
    <updateDate>2019-05-17T03:05:17.113+05:30</updateDate>
    <fileType>img</fileType>
</fileResource>
