<?xml version="1.0" encoding="UTF-8"?>
<fileResource exportedWithPermissions="true" dataFile="ui-bg_glass_95_fef1ec_1x400.png.data">
    <folder>/organizations/organization_1/themes/default/jquery-ui/images</folder>
    <name>ui-bg_glass_95_fef1ec_1x400.png</name>
    <version>0</version>
    <label>ui-bg_glass_95_fef1ec_1x400.png</label>
    <creationDate>2019-10-17T10:44:17.824+05:30</creationDate>
    <updateDate>2019-05-17T03:05:16.918+05:30</updateDate>
    <fileType>img</fileType>
</fileResource>
