<?xml version="1.0" encoding="UTF-8"?>
<folder exportedWithPermissions="true">
    <parent>/organizations/organization_1/analysis</parent>
    <name>schemas</name>
    <label>Analysis Schemas</label>
    <description>Schemas used by Analysis</description>
    <creationDate>2019-10-17T10:43:32.227+05:30</creationDate>
    <updateDate>2019-05-17T03:05:23.227+05:30</updateDate>
    <resource>FoodmartGrant</resource>
    <resource>FoodmartMultiVariableGrant</resource>
    <resource>FoodmartMultiVariableNoTopGrant</resource>
    <resource>FoodmartMultiVariableTopNoMemberGrant</resource>
    <resource>FoodmartNoTopGrant</resource>
    <resource>FoodmartSchema</resource>
    <resource>FoodmartSchemaUpper</resource>
    <resource>FoodmartVariableGrant</resource>
    <resource>SugarCRMSchema</resource>
    <resource>SugarCRMSchemaUpper</resource>
</folder>
