<?xml version="1.0" encoding="UTF-8"?>
<fileResource exportedWithPermissions="true" dataFile="FoodmartGrant.data">
    <folder>/organizations/organization_1/analysis/schemas</folder>
    <name>FoodmartGrant</name>
    <version>0</version>
    <label>Foodmart Grant</label>
    <description>ANALYSIS Foodmart Grant</description>
    <creationDate>2019-10-17T10:44:03.298+05:30</creationDate>
    <updateDate>2019-05-17T03:05:37.534+05:30</updateDate>
    <fileType>accessGrantSchema</fileType>
</fileResource>
