<?xml version="1.0" encoding="UTF-8"?>
<fileResource exportedWithPermissions="true" dataFile="FoodmartMultiVariableGrant.data">
    <folder>/organizations/organization_1/analysis/schemas</folder>
    <name>FoodmartMultiVariableGrant</name>
    <version>0</version>
    <label>Foodmart Multi Variable Grant</label>
    <description>ANALYSIS Foodmart Multi Variable Grant</description>
    <creationDate>2019-10-17T10:44:03.323+05:30</creationDate>
    <updateDate>2019-05-17T03:05:37.641+05:30</updateDate>
    <fileType>accessGrantSchema</fileType>
</fileResource>
