<?xml version="1.0" encoding="UTF-8"?>
<fileResource exportedWithPermissions="true" dataFile="FoodmartMultiVariableTopNoMemberGrant.data">
    <folder>/organizations/organization_1/analysis/schemas</folder>
    <name>FoodmartMultiVariableTopNoMemberGrant</name>
    <version>0</version>
    <label>Foodmart Multi Variable Grant: top level and no member grants</label>
    <description>ANALYSIS Foodmart Multi Variable Grant. Has top level for Store and no member grants in Store</description>
    <creationDate>2019-10-17T10:44:03.374+05:30</creationDate>
    <updateDate>2019-05-17T03:05:37.705+05:30</updateDate>
    <fileType>accessGrantSchema</fileType>
</fileResource>
