<?xml version="1.0" encoding="UTF-8"?>
<fileResource exportedWithPermissions="true" dataFile="FoodmartSchema.data">
    <folder>/organizations/organization_1/analysis/schemas</folder>
    <name>FoodmartSchema</name>
    <version>0</version>
    <label>FoodmartSchema</label>
    <description>Foodmart Analysis Schema</description>
    <creationDate>2019-10-17T10:44:02.805+05:30</creationDate>
    <updateDate>2019-05-17T03:05:23.430+05:30</updateDate>
    <fileType>olapMondrianSchema</fileType>
</fileResource>
