<?xml version="1.0" encoding="UTF-8"?>
<fileResource exportedWithPermissions="true" dataFile="FoodmartSchemaUpper.data">
    <folder>/organizations/organization_1/analysis/schemas</folder>
    <name>FoodmartSchemaUpper</name>
    <version>0</version>
    <label>Foodmart Schema Uppercase</label>
    <description>Foodmart Analysis Schema Uppercase</description>
    <creationDate>2019-10-17T10:44:03.404+05:30</creationDate>
    <updateDate>2019-05-17T03:05:23.464+05:30</updateDate>
    <fileType>olapMondrianSchema</fileType>
</fileResource>
