<?xml version="1.0" encoding="UTF-8"?>
<fileResource exportedWithPermissions="true" dataFile="FoodmartMultiVariableNoTopGrant.data">
    <folder>/organizations/organization_1/analysis/schemas</folder>
    <name>FoodmartMultiVariableNoTopGrant</name>
    <version>0</version>
    <label>Foodmart Multi Variable Grant with no top level</label>
    <description>ANALYSIS Foodmart Multi Variable Grant. Has no top</description>
    <creationDate>2019-10-17T10:44:03.348+05:30</creationDate>
    <updateDate>2019-05-17T03:05:37.672+05:30</updateDate>
    <fileType>accessGrantSchema</fileType>
</fileResource>
