<?xml version="1.0" encoding="UTF-8"?>
<fileResource exportedWithPermissions="true" dataFile="FoodmartNoTopGrant.data">
    <folder>/organizations/organization_1/analysis/schemas</folder>
    <name>FoodmartNoTopGrant</name>
    <version>0</version>
    <label>Foodmart Grant without top levels</label>
    <description>ANALYSIS Foodmart Grant with no top levels allowing navigation in the browser</description>
    <creationDate>2019-10-17T10:44:02.863+05:30</creationDate>
    <updateDate>2019-05-17T03:05:37.573+05:30</updateDate>
    <fileType>accessGrantSchema</fileType>
</fileResource>
