<?xml version="1.0" encoding="UTF-8"?>
<fileResource exportedWithPermissions="true" dataFile="FoodmartVariableGrant.data">
    <folder>/organizations/organization_1/analysis/schemas</folder>
    <name>FoodmartVariableGrant</name>
    <version>0</version>
    <label>Foodmart Variable Grant</label>
    <description>ANALYSIS Foodmart Variable Grant</description>
    <creationDate>2019-10-17T10:44:03.442+05:30</creationDate>
    <updateDate>2019-05-17T03:05:37.607+05:30</updateDate>
    <fileType>accessGrantSchema</fileType>
</fileResource>
