<?xml version="1.0" encoding="UTF-8"?>
<fileResource exportedWithPermissions="true" dataFile="SugarCRMSchema.data">
    <folder>/organizations/organization_1/analysis/schemas</folder>
    <name>SugarCRMSchema</name>
    <version>0</version>
    <label>SugarCRM Schema</label>
    <description>SugarCRM Analysis Schema</description>
    <creationDate>2019-10-17T10:44:03.041+05:30</creationDate>
    <updateDate>2019-05-17T03:05:23.497+05:30</updateDate>
    <fileType>olapMondrianSchema</fileType>
</fileResource>
