<?xml version="1.0" encoding="UTF-8"?>
<fileResource exportedWithPermissions="true" dataFile="SugarCRMSchemaUpper.data">
    <folder>/organizations/organization_1/analysis/schemas</folder>
    <name>SugarCRMSchemaUpper</name>
    <version>0</version>
    <label>SugarCRM Schema Uppercase</label>
    <description>SugarCRM Analysis Schema Upper Case</description>
    <creationDate>2019-10-17T10:44:03.466+05:30</creationDate>
    <updateDate>2019-05-17T03:05:23.526+05:30</updateDate>
    <fileType>olapMondrianSchema</fileType>
</fileResource>
