<?xml version="1.0" encoding="UTF-8"?>
<jndiJdbcDataSource exportedWithPermissions="true">
    <folder>/organizations/organization_1/datasources</folder>
    <name>repositoryDS</name>
    <version>0</version>
    <label>Jasperserver Repository SQL data source</label>
    <description>Jasperserver Repository SQL data source for reporting</description>
    <creationDate>2019-10-17T10:43:35.933+05:30</creationDate>
    <updateDate>2019-05-17T03:05:23.157+05:30</updateDate>
    <permission>
        <permissionMask>0</permissionMask>
        <recipient recipientType="role">ROLE_USER</recipient>
    </permission>
    <jndiName>jdbc/jasperserver</jndiName>
</jndiJdbcDataSource>
