<?xml version="1.0" encoding="UTF-8"?>
<folder exportedWithPermissions="true">
    <parent>/organizations/organization_1/analysis</parent>
    <name>connections</name>
    <label>Analysis Connections</label>
    <description>Connections used by Analysis</description>
    <creationDate>2019-10-17T10:43:32.125+05:30</creationDate>
    <updateDate>2019-05-17T03:05:23.217+05:30</updateDate>
    <resource>Foodmart</resource>
    <resource>FoodmartXmlaConnection</resource>
    <resource>SugarCRM</resource>
    <resource>SugarCRMXmlaConnection</resource>
</folder>
