<?xml version="1.0" encoding="UTF-8"?>
<secureMondrianConnection exportedWithPermissions="true">
    <folder>/organizations/organization_1/analysis/connections</folder>
    <name>Foodmart</name>
    <version>0</version>
    <label>Foodmart</label>
    <description>Foodmart Mondrian Analysis Connection</description>
    <creationDate>2019-10-17T10:44:02.885+05:30</creationDate>
    <updateDate>2019-05-17T03:05:37.746+05:30</updateDate>
    <schema>
        <uri>/organizations/organization_1/analysis/schemas/FoodmartSchema</uri>
    </schema>
    <dataSource>
        <uri>/organizations/organization_1/analysis/datasources/FoodmartDataSourceJNDI</uri>
    </dataSource>
    <grant>
        <uri>/organizations/organization_1/analysis/schemas/FoodmartNoTopGrant</uri>
    </grant>
</secureMondrianConnection>
