<?xml version="1.0" encoding="UTF-8"?>
<secureMondrianConnection exportedWithPermissions="true">
    <folder>/organizations/organization_1/analysis/connections</folder>
    <name>SugarCRM</name>
    <version>0</version>
    <label>SugarCRM</label>
    <description>SugarCRM Mondrian Analysis Connection: only opportunities</description>
    <creationDate>2019-10-17T10:44:03.057+05:30</creationDate>
    <updateDate>2019-05-17T03:05:23.766+05:30</updateDate>
    <schema>
        <uri>/organizations/organization_1/analysis/schemas/SugarCRMSchema</uri>
    </schema>
    <dataSource>
        <uri>/organizations/organization_1/analysis/datasources/SugarCRMDataSourceJNDI</uri>
    </dataSource>
</secureMondrianConnection>
