<?xml version="1.0" encoding="UTF-8"?>
<fileResource exportedWithPermissions="true" dataFile="ProfileSchema.data">
    <folder>/organizations/organization_1/performance/schemas</folder>
    <name>ProfileSchema</name>
    <version>0</version>
    <label>Profile Schema</label>
    <description>Profile Performance Schema</description>
    <creationDate>2019-10-17T10:44:03.615+05:30</creationDate>
    <updateDate>2019-05-17T03:05:24.509+05:30</updateDate>
    <fileType>olapMondrianSchema</fileType>
</fileResource>
