<?xml version="1.0" encoding="UTF-8"?>
<fileResource exportedWithPermissions="true" dataFile="ProfileSchemaUpper.data">
    <folder>/organizations/organization_1/performance/schemas</folder>
    <name>ProfileSchemaUpper</name>
    <version>0</version>
    <label>Profile Schema Uppercase</label>
    <description>Profile Performance Schema Uppercase</description>
    <creationDate>2019-10-17T10:44:03.863+05:30</creationDate>
    <updateDate>2019-05-17T03:05:24.533+05:30</updateDate>
    <fileType>olapMondrianSchema</fileType>
</fileResource>
