<?xml version="1.0" encoding="UTF-8"?>
<folder exportedWithPermissions="true">
    <parent>/organizations/organization_1</parent>
    <name>images</name>
    <label>Images</label>
    <description>Folder containing reusable images</description>
    <creationDate>2019-10-17T10:43:30.506+05:30</creationDate>
    <updateDate>2019-05-17T03:05:23.184+05:30</updateDate>
    <resource>JRLogo</resource>
    <permission>
        <permissionMask>32</permissionMask>
        <recipient recipientType="role">ROLE_USER</recipient>
    </permission>
</folder>
