<?xml version="1.0" encoding="UTF-8"?>
<secureMondrianConnection exportedWithPermissions="true">
    <folder>/public/Samples/OLAP/XMLA</folder>
    <name>Foodmart</name>
    <version>0</version>
    <label>Foodmart</label>
    <description>Foodmart Mondrian Analysis Connection</description>
    <creationDate>2019-10-17T10:44:06.832+05:30</creationDate>
    <updateDate>2013-04-11T03:07:55.969+05:30</updateDate>
    <schema>
        <uri>/public/Samples/OLAP/Schemas/FoodmartSchema2013.xml</uri>
    </schema>
    <dataSource>
        <uri>/public/Samples/Data_Sources/FoodmartDataSourceJNDI</uri>
    </dataSource>
    <grant>
        <uri>/public/Samples/OLAP/Schemas/FoodmartNoTopGrant</uri>
    </grant>
</secureMondrianConnection>
