<?xml version="1.0" encoding="UTF-8"?>
<folder exportedWithPermissions="true">
    <parent>/organizations/organization_1/organizations</parent>
    <name>org_template</name>
    <label>Folder Template</label>
    <description>Folder Template</description>
    <creationDate>2019-10-17T10:43:32.390+05:30</creationDate>
    <updateDate>2019-05-17T03:05:24.848+05:30</updateDate>
    <folder>adhoc</folder>
    <folder>temp</folder>
    <folder>templates</folder>
    <folder>themes</folder>
    <permission>
        <permissionMask>0</permissionMask>
        <recipient recipientType="role">ROLE_USER</recipient>
    </permission>
</folder>
