<?xml version="1.0" encoding="UTF-8"?>
<folder exportedWithPermissions="true">
    <parent>/public</parent>
    <name>audit</name>
    <label>Audit</label>
    <description>Audit Components</description>
    <creationDate>2019-10-17T10:43:29.465+05:30</creationDate>
    <updateDate>2019-05-17T03:05:33.480+05:30</updateDate>
    <folder>datasources</folder>
    <folder>domains</folder>
    <folder>reports</folder>
    <permission>
        <permissionMask>0</permissionMask>
        <recipient recipientType="role">ROLE_USER</recipient>
    </permission>
</folder>
