<?xml version="1.0" encoding="UTF-8"?>
<jndiJdbcDataSource exportedWithPermissions="true">
    <folder>/public/monitoring/datasources</folder>
    <name>ReportMonitoringDataSource</name>
    <version>0</version>
    <label>Report Monitoring Data Source</label>
    <description>Report Monitoring Data Source</description>
    <creationDate>2019-10-17T10:43:39.248+05:30</creationDate>
    <updateDate>2019-05-17T03:05:35.919+05:30</updateDate>
    <jndiName>jdbc/jasperserver</jndiName>
</jndiJdbcDataSource>
